Random Agent,500.0,null,null
uct-1000,1011.50144,Random Agent,20
uct-1500,1119.039565,uct-1000,20
uct-2000,1153.899636,uct-1500,20
uct-2500,1301.09035,uct-2000,20
uct-3000,1335.95042,uct-2500,40
uct-3500,1406.386924,uct-3000,20
uct-4000,1513.925049,uct-3500,20
uct-4500,1621.463174,uct-4000,20
uct-5000,1691.899677,uct-4500,20
uct-6000,1839.090392,uct-5000,20
